Empresa,Ticker,CIK,SIC,Periodo,Ejercicio,Formulario,Fecha_10K,t0,Namespace,Revenue,Assets,Liabilities_Total,Liabilities_Current,NetIncome,Receivables,Inventory,Cash,Equity,Usar_Modelo_Financiero,Motivo_Exclusion_Financiera
Bausch Health / Valeant,BHC,0000885590,2834,t-1,2014,10-K,2015-02-25,2015-10-26,us-gaap,3288600000.0,17950400000.0,14020600000.0,2512500000.0,913500000.0,1676400000.0,883000000.0,164100000.0,3929800000.0,True,
Bausch Health / Valeant,BHC,0000885590,2834,t-2,2013,10-K,2014-02-28,2015-10-26,us-gaap,2255050000.0,13108119000.0,8197023000.0,1822752000.0,-866142000.0,769469000.0,531256000.0,394269000.0,4911096000.0,True,
Bausch Health / Valeant,BHC,0000885590,2834,t-3,2012,10-K,2013-02-28,2015-10-26,us-gaap,1133371000.0,10795117000.0,9440745000.0,924272000.0,-116025000.0,468539000.0,355212000.0,114463000.0,1354372000.0,True,
Belden Inc.,BDC,0000913142,3357,t-1,2016,10-K,2017-02-17,2018-02-01,us-gaap,2308265000.0,3232202000.0,2408103000.0,549263000.0,74449000.0,387386000.0,195942000.0,613304000.0,824099000.0,True,
Belden Inc.,BDC,0000913142,3357,t-2,2015,10-K,2016-02-25,2018-02-01,us-gaap,2069193000.0,2751753000.0,1939893000.0,523011000.0,103313000.0,379777000.0,228398000.0,395095000.0,811860000.0,True,
Belden Inc.,BDC,0000913142,3357,t-3,2014,10-K,2015-02-23,2018-02-01,us-gaap,1840739000.0,2584583000.0,1890034000.0,401566000.0,194490000.0,304204000.0,207980000.0,382552000.0,694549000.0,True,
Compass Minerals,CMP,0001227654,1400,t-1,2017,10-K,2018-02-27,2018-10-23,us-gaap,1098700000.0,1624800000.0,971200000.0,372000000.0,159200000.0,320900000.0,280600000.0,266800000.0,653600000.0,True,
Compass Minerals,CMP,0001227654,1400,t-2,2016,10-K,2017-03-01,2018-10-23,us-gaap,1282500000.0,1632200000.0,1078000000.0,170800000.0,217900000.0,147800000.0,275300000.0,159600000.0,554200000.0,True,
Compass Minerals,CMP,0001227654,1400,t-3,2015,10-K,2016-02-22,2018-10-23,us-gaap,1129600000.0,1404800000.0,901300000.0,237700000.0,130800000.0,213000000.0,199000000.0,100100000.0,503500000.0,True,
General Electric,GE,0000040545,3600,t-1,2016,10-K,2017-02-24,2017-07-01,us-gaap,112588000000.0,653931000000.0,523365000000.0,,15233000000.0,27022000000.0,22515000000.0,49558000000.0,130566000000.0,True,
General Electric,GE,0000040545,3600,t-2,2015,10-K,2016-02-26,2017-07-01,us-gaap,110062000000.0,663247000000.0,540221000000.0,,13057000000.0,23237000000.0,17689000000.0,90879000000.0,123026000000.0,True,
General Electric,GE,0000040545,3600,t-3,2014,10-K,2015-02-27,2017-07-01,us-gaap,148875000000.0,656560000000.0,540122000000.0,,13641000000.0,21388000000.0,17325000000.0,91017000000.0,116438000000.0,True,
Healthcare Services Group,HCSG,0000731012,8050,t-1,2020,10-K,2021-02-25,2021-08-24,us-gaap,2002601000.0,692603000.0,292651000.0,148651000.0,83524000.0,255474000.0,31586000.0,139330000.0,399952000.0,True,
Healthcare Services Group,HCSG,0000731012,8050,t-2,2019,10-K,2020-02-21,2021-08-24,us-gaap,1840778000.0,722592000.0,262287000.0,148651000.0,64581000.0,340930000.0,36517000.0,27329000.0,460305000.0,True,
Healthcare Services Group,HCSG,0000731012,8050,t-3,2018,10-K,2019-03-18,2021-08-24,us-gaap,1861206000.0,528446000.0,231990000.0,184168000.0,77396000.0,341838000.0,41443000.0,33189000.0,296456000.0,True,
Koppers Holdings,KOP,0001315257,2400,t-1,2021,10-K,2022-02-23,2022-11-01,us-gaap,1637000000.0,1598600000.0,1256900000.0,292100000.0,66600000.0,175100000.0,295800000.0,37400000.0,341700000.0,True,
Koppers Holdings,KOP,0001315257,2400,t-2,2020,10-K,2021-02-24,2022-11-01,us-gaap,1562700000.0,1564600000.0,1417300000.0,296200000.0,23400000.0,161700000.0,288500000.0,50900000.0,147300000.0,True,
Koppers Holdings,KOP,0001315257,2400,t-3,2019,10-K,2020-02-27,2022-11-01,us-gaap,1475500000.0,1479900000.0,1423700000.0,298700000.0,29100000.0,189700000.0,284700000.0,20800000.0,56200000.0,True,
Kraft Heinz,KHC,0001637459,2030,t-1,2017,10-K,2018-02-16,2019-02-21,us-gaap,26232000000.0,120480000000.0,63122000000.0,9501000000.0,634000000.0,769000000.0,2684000000.0,4204000000.0,57358000000.0,True,
Kraft Heinz,KHC,0001637459,2030,t-2,2016,10-K,2017-02-23,2019-02-21,us-gaap,26487000000.0,122973000000.0,65288000000.0,6932000000.0,657000000.0,871000000.0,2618000000.0,2459000000.0,57685000000.0,True,
Kraft Heinz,KHC,0001637459,2030,t-3,2015,10-K,2016-03-03,2019-02-21,us-gaap,,122973000000.0,56737000000.0,6932000000.0,276000000.0,871000000.0,2618000000.0,4837000000.0,57685000000.0,True,
Manitex International,MNTX,0001302028,3559,t-1,2016,10-K,2017-03-10,2018-04-03,us-gaap,177002000.0,314267000.0,207255000.0,120036000.0,7103000.0,50101000.0,99846000.0,6091000.0,107012000.0,True,
Manitex International,MNTX,0001302028,3559,t-2,2015,10-K,2016-03-10,2018-04-03,us-gaap,229820000.0,180497000.0,75731000.0,87961000.0,10178000.0,58433000.0,90745000.0,1889000.0,104766000.0,True,
Manitex International,MNTX,0001302028,3559,t-3,2014,10-K,2015-03-16,2018-04-03,us-gaap,205249000.0,151504000.0,66513000.0,47930000.0,8077000.0,38165000.0,72734000.0,71000.0,84991000.0,True,
Pareteum,TEUM,0001084384,7373,t-1,2018,10-K,2019-03-18,2019-10-21,us-gaap,13547507.0,25326033.0,34696611.0,7537842.0,-12462979.0,2058284.0,,13537899.0,-9370578.0,True,
Pareteum,TEUM,0001084384,7373,t-2,2017,10-K,2018-03-30,2019-10-21,us-gaap,12855811.0,13045289.0,5000629.0,13292992.0,-31444704.0,614670.0,,931189.0,8044660.0,True,
Pareteum,TEUM,0001084384,7373,t-3,2016,10-K,2017-03-29,2019-10-21,us-gaap,31015453.0,25392386.0,14789140.0,14821800.0,-5006235.0,1112032.0,,1904160.0,10603246.0,True,
Power Solutions International,PSIX,0001137091,3510,t-1,2015,10-K,2016-02-26,2016-08-01,us-gaap,237842000.0,262637000.0,239903000.0,76048000.0,-18760000.0,81740000.0,93903000.0,8445000.0,22734000.0,True,
Power Solutions International,PSIX,0001137091,3510,t-2,2014,10-K,2015-03-13,2016-08-01,us-gaap,202342000.0,126619000.0,111295000.0,32385000.0,6702000.0,42730000.0,55986000.0,6561000.0,15324000.0,True,
Power Solutions International,PSIX,0001137091,3510,t-3,2013,10-K,2014-02-28,2016-08-01,us-gaap,154969000.0,90765000.0,75441000.0,32664000.0,4061000.0,37480000.0,39968000.0,6306000.0,15324000.0,True,
Revolution Lighting Technologies,RVLT,0000917523,3640,t-1,2017,10-K,2018-03-08,2018-10-19,us-gaap,129656000.0,217499000.0,140183000.0,48137000.0,-2382000.0,41100000.0,26678000.0,6033000.0,77316000.0,True,
Revolution Lighting Technologies,RVLT,0000917523,3640,t-2,2016,10-K,2017-03-09,2018-10-19,us-gaap,76840000.0,177635000.0,152179000.0,46024000.0,-5180000.0,23779000.0,22135000.0,1757000.0,25456000.0,True,
Revolution Lighting Technologies,RVLT,0000917523,3640,t-3,2015,10-K,2016-03-10,2018-10-19,us-gaap,26060000.0,126542000.0,105846000.0,27854000.0,-16821000.0,23779000.0,13673000.0,4434000.0,20696000.0,True,
Super Micro Computer,SMCI,0001375365,3571,t-1,2016,10-K,2016-08-26,2017-08-29,us-gaap,1467202000.0,1089809000.0,470888000.0,454107000.0,54157000.0,322594000.0,463493000.0,93038000.0,618921000.0,True,
Super Micro Computer,SMCI,0001375365,3571,t-2,2015,10-K,2015-09-10,2017-08-29,us-gaap,1162561000.0,796325000.0,327269000.0,310886000.0,21279000.0,212738000.0,315837000.0,80826000.0,469056000.0,True,
Super Micro Computer,SMCI,0001375365,3571,t-3,2014,10-K,2014-09-15,2017-08-29,us-gaap,1013874000.0,632257000.0,258714000.0,241664000.0,29853000.0,149340000.0,254170000.0,69943000.0,373543000.0,True,
Tupperware Brands,TUP,0001008654,3089,t-1,2020,10-K,2021-03-10,2021-08-01,us-gaap,2069700000.0,1262400000.0,1381800000.0,688900000.0,155900000.0,110700000.0,245200000.0,123200000.0,-119400000.0,True,
Tupperware Brands,TUP,0001008654,3089,t-2,2019,10-K,2020-03-12,2021-08-01,us-gaap,2255800000.0,1388000000.0,1175200000.0,759100000.0,-265400000.0,144700000.0,257700000.0,149000000.0,212800000.0,True,
Tupperware Brands,TUP,0001008654,3089,t-3,2018,10-K,2019-02-26,2021-08-01,us-gaap,2213100000.0,1587800000.0,1426800000.0,658800000.0,223600000.0,144400000.0,262200000.0,144100000.0,161000000.0,True,
VEREIT / ARCP,VER,0001507385,6798,t-1,2013,10-K,2014-02-27,2014-10-29,us-gaap,3970000.0,1965452000.0,433758000.0,,-4699000.0,11628000.0,,0.0,1531694000.0,True,
VEREIT / ARCP,VER,0001507385,6798,t-2,2012,10-K,2013-02-28,2014-10-29,us-gaap,3175000.0,131581000.0,77951000.0,,-2575000.0,2422000.0,,0.0,53630000.0,True,
VEREIT / ARCP,VER,0001507385,6798,t-3,2011,10-K,2012-03-19,2014-10-29,us-gaap,3175000.0,131581000.0,131581000.0,,-2575000.0,,,0.0,0.0,True,
